{"dec_rate": 91603667026253.92, "ener": [1.0158961514312306, 1.0484505339455024, 1.0820481213379425, 1.116722343098954, 1.1525076999666417, 1.1894397982549354, 1.227555385281756, 1.2668923859324783, 1.3074899403950675, 1.349388443104441, 1.392629582934798, 1.4372563846799165, 1.4833132518626804, 1.5308460109164435, 1.5799019567821802, 1.6305298999667994, 1.6827802151094389, 1.7367048911040692, 1.792357582828274, 1.8497936645296793, 1.9090702849231487, 1.9702464240535713, 2.0333829519808138, 2.0985426893452317, 2.165790469874006, 2.235193204890485, 2.3068199498907402, 2.380741973253558, 2.4570328271522452, 2.535768420738802, 2.617027095673284, 2.7008897040734983, 2.787439688962597, 2.876763167294618, 2.9689490156405713, 3.0640889586203395, 3.1622776601683795, 3.2636128177240247, 3.3681952594401254, 3.476129044506731, 3.5875215666896474, 3.702483661186882, 3.821129714909311, 3.943577780295282, 4.069949692772408, 4.200371191983416, 4.334972046896697, 4.473886184925995, 4.617251825187756, 4.765211616028696, 4.917912776960448, 5.075507245142497, 5.2381518265591565, 5.406008352041014, 5.579243838286089, 5.758030654040903, 5.942546691606815, 6.132975543842292, 6.329506686837207, 6.532335668440931, 6.741664302831809, 6.957700871321609, 7.180660329594758, 7.410764521588548, 7.64824240022713, 7.893330255228932, 8.146271948214162, 8.407319155346334, 8.676731617749226, 8.954777399948458, 9.241733156594819, 9.537884407734767, 9.84352582290192, 10.158961514312308, 10.484505339455024, 10.820481213379423, 11.167223430989537, 11.525076999666414, 11.89439798254935, 12.27555385281756, 12.668923859324783, 13.074899403950676, 13.493884431044409, 13.926295829347978, 14.372563846799164, 14.8331325186268, 15.308460109164429, 15.7990195678218, 16.30529899966799, 16.82780215109439, 17.36704891104069, 17.923575828282736, 18.49793664529679, 19.09070284923148, 19.702464240535704, 20.333829519808134, 20.98542689345232, 21.657904698740058, 22.351932048904846, 23.068199498907397, 23.80741973253558, 24.57032827152245, 25.357684207388015, 26.17027095673284, 27.00889704073498, 27.874396889625974, 28.76763167294618, 29.689490156405707, 30.640889586203397, 31.622776601683785, 32.63612817724024, 33.68195259440125, 34.76129044506732, 35.87521566689647, 37.024836611868814, 38.2112971490931, 39.43577780295282, 40.69949692772406, 42.003711919834146, 43.349720468966964, 44.73886184925995, 46.172518251877555, 47.65211616028695, 49.179127769604484, 50.75507245142497, 52.381518265591545, 54.06008352041012, 55.79243838286089, 57.580306540409026, 59.425466916068146, 61.329755438422914, 63.295066868372054, 65.3233566844093, 67.41664302831806, 69.57700871321607, 71.80660329594758, 74.10764521588548, 76.4824240022713, 78.9333025522893, 81.46271948214161, 84.07319155346335, 86.76731617749225, 89.54777399948453, 92.41733156594817, 95.37884407734767, 98.43525822901921, 101.58961514312308, 104.84505339455026, 108.20481213379423, 111.67223430989532, 115.25076999666412, 118.9439798254935, 122.75553852817559, 126.68923859324782, 130.74899403950675, 134.93884431044404, 139.2629582934797, 143.72563846799153, 148.33132518626795, 153.08460109164432, 157.99019567821802, 163.0529899966799, 168.2780215109439, 173.67048911040695, 179.2357582828274, 184.9793664529678, 190.9070284923148, 197.02464240535707, 203.3382951980813, 209.8542689345232, 216.57904698740057, 223.5193204890484, 230.68199498907387, 238.0741973253557, 245.70328271522442, 253.57684207388013, 261.7027095673284, 270.0889704073498, 278.74396889625973, 287.67631672946186, 296.894901564057, 306.4088958620338, 316.22776601683773, 326.3612817724024, 336.8195259440125, 347.6129044506731, 358.75215666896474, 370.248366118688, 382.1129714909308, 394.357778029528, 406.9949692772405, 420.0371191983415, 433.4972046896696, 447.38861849259945, 461.72518251877557, 476.52116160286965, 491.7912776960448, 507.5507245142495, 523.8151826559154, 540.6008352041011, 557.9243838286088, 575.8030654040903, 594.2546691606815, 613.297554384229, 632.9506686837203, 653.2335668440927, 674.1664302831805, 695.7700871321606, 718.0660329594757, 741.0764521588547, 764.8242400227131, 789.3330255228933, 814.6271948214162, 840.731915534633, 867.6731617749223, 895.4777399948454, 924.1733156594819, 953.7884407734767, 984.352582290192, 1015.8961514312302, 1048.4505339455015, 1082.0481213379417, 1116.7223430989534, 1152.5076999666412, 1189.439798254935, 1227.555385281756, 1266.8923859324782, 1307.4899403950676, 1349.3884431044405, 1392.629582934797, 1437.2563846799153, 1483.3132518626796, 1530.846010916443, 1579.90195678218, 1630.5298999667991, 1682.7802151094381, 1736.7048911040679, 1792.3575828282728, 1849.7936645296782, 1909.0702849231477, 1970.2464240535705, 2033.3829519808132, 2098.542689345232, 2165.790469874006, 2235.193204890484, 2306.819949890739, 2380.741973253557, 2457.0328271522444, 2535.7684207388015, 2617.027095673284, 2700.889704073498, 2787.439688962596, 2876.7631672946154, 2968.949015640569, 3064.088958620338, 3162.2776601683777, 3263.6128177240234, 3368.195259440125, 3476.129044506731, 3587.521566689647, 3702.4836611868805, 3821.129714909308, 3943.57778029528, 4069.949692772405, 4200.371191983415, 4334.972046896696, 4473.886184925995, 4617.251825187754, 4765.211616028692, 4917.912776960446, 5075.507245142495, 5238.151826559154, 5406.008352041012, 5579.243838286089, 5758.030654040903, 5942.546691606814, 6132.975543842289, 6329.506686837203, 6532.335668440928, 6741.664302831805, 6957.7008713216055, 7180.660329594757, 7410.764521588548, 7648.2424002271255, 7893.330255228925, 8146.271948214157, 8407.319155346331, 8676.731617749223, 8954.777399948454, 9241.733156594819, 9537.884407734766, 9843.52582290192, 10158.961514312303, 10484.505339455021, 10820.481213379422, 11167.223430989538, 11525.076999666417, 11894.397982549344, 12275.553852817553, 12668.923859324776, 13074.89940395067, 13493.884431044404, 13926.295829347979, 14372.563846799161, 14833.132518626788, 15308.460109164422, 15799.019567821791, 16305.298999667984, 16827.802151094384, 17367.048911040685, 17923.575828282737, 18497.936645296773, 19090.702849231468, 19702.464240535697, 20333.82951980812, 20985.42689345231, 21657.904698740047, 22351.93204890484, 23068.199498907397, 23807.41973253558, 24570.32827152243, 25357.684207388, 26170.270956732824, 27008.897040734966, 27874.396889625958, 28767.631672946172, 29689.490156405704, 30640.889586203397, 31622.776601683792, 32636.128177240218, 33681.952594401235, 34761.290445067294, 35875.21566689645, 37024.836611868806, 38211.2971490931, 39435.77780295282, 40699.49692772403, 42003.711919834124, 43349.72046896694, 44738.86184925992, 46172.51825187753, 47652.11616028695, 49179.127769604485, 50755.07245142492, 52381.51826559151, 54060.083520410095, 55792.43838286086, 57580.306540408994, 59425.46691606811, 61329.7554384229, 63295.066868372065, 65323.35668440931, 67416.64302831801, 69577.00871321603, 71806.60329594754, 74107.64521588545, 76482.42400227126, 78933.30255228929, 81462.71948214162, 84073.19155346334, 86767.31617749228, 89547.7739994845, 92417.33156594814, 95378.8440773476, 98435.25822901915, 101589.61514312302, 104845.05339455021, 108204.81213379423, 111672.23430989527, 115250.76999666405, 118943.97982549344, 122755.53852817553, 126689.23859324776, 130748.9940395067, 134938.84431044405, 139262.95829347963, 143725.6384679915, 148331.3251862679, 153084.6010916442, 157990.19567821792, 163052.98999667985, 168278.0215109438, 173670.48911040687, 179235.7582828274, 184979.36645296772, 190907.02849231468, 197024.64240535695, 203338.2951980812, 209854.2689345231, 216579.04698740048, 223519.3204890484, 230681.994989074, 238074.1973253558, 245703.28271522428, 253576.84207388002, 261702.70956732822, 270088.97040734964, 278743.96889625955, 287676.3167294617, 296894.90156405704, 306408.89586203365, 316227.7660168376, 326361.2817724022, 336819.52594401233, 347612.9044506729, 358752.15666896454, 370248.3661186881, 382112.9714909306, 394357.77802952775, 406994.9692772403, 