{"dec_rate": 96139367697644.81, "ener": [1000.0, 1075.2168531898922, 1156.0912813835741, 1243.0488295695168, 1336.5470508911144, 1437.077914199376, 1545.170392694147, 1661.3932472747906, 1786.3580192457368, 1920.7222481239298, 2065.192931479627, 2220.530245015533, 2387.551542458584, 2567.1356563109925, 2760.227522090274, 2967.8431503900374, 3191.074972923552, 3431.097590679882, 3689.1739544382435, 3966.662010161199, 4265.021844233416, 4585.823366142804, 4930.75456902875, 5301.6304115627745, 5700.4023678963595, 6129.168695925734, 6590.185477903263, 7085.878491488878, 7618.855973704613, 8191.922344953685, 8808.092965317064, 9470.61000077224, 10182.95948281905, 10948.88965127687, 11772.43067676929, 12657.91586667203, 13610.004466105507, 14633.70617394634, 15734.407502856082, 16917.900122028346, 18190.41133178821, 19558.636830395073, 21029.77594546132, 22611.569515367453, 24312.34061999789, 26141.03837511492, 28107.285020807278, 30221.426551783796, 32494.587155918423, 34938.7277474913, 37566.70890311596, 40392.358531509046, 43430.544633167054, 46697.25353279704, 50209.67399614471, 53986.28767382507, 58046.966348054455, 62413.07649397468, 67107.59170575147, 72155.21357901022, 77582.50168566794, 83418.01332506338, 89692.45378672714, 96438.83791544459, 103692.6638287344, 111492.09970080915, 119878.18459583772, 128895.04440725365, 138590.12403933867, 149014.43705277456, 160222.83408774753, 172274.29147699408, 185232.22156741185, 199164.80638308544, 214145.35638539525, 230252.69621793268, 247571.57946593425, 266193.1346126132, 286215.34453892725, 307743.5620898062, 330891.0644196496, 355779.64903394954, 382540.27466328745, 411313.75034185697, 442251.4763163044, 475516.2406834019, 511283.0759482948, 549740.1800103742, 591089.9064227993, 635549.8291362302, 683353.887329231, 734753.6163492159, 790019.4712408972, 849442.2498263799, 913334.6228248625, 982032.7790631257, 1055898.1944335788, 1135319.5339077613, 1220714.6966133183, 1312533.0147352258, 1411257.617811452, 1517407.974863493, 1631542.6277379717, 1754262.1300415897, 1886212.2071335155, 2028087.1538024596, 2180633.4875063254, 2344653.8763970514, 2521011.362799125, 2710633.904364837, 2914519.256800991, 3133740.2238589046, 3369450.3022121596, 3622889.750924289, 3895392.1174427266, 4188391.2544574793, 4503428.864545836, 4842162.612301513, 5206374.84663258, 5597981.979123291, 6019044.567806669, 6471778.159406801, 6958564.947100453, 7481966.305138838, 8044736.2662841845, 8649836.012976684, 9300449.458481394, 10000000.0], "beta_spec": [5.935150149868456e-06, 5.923029853908821e-06, 5.910358382179638e-06, 5.8970697136585575e-06, 5.883040543269368e-06, 5.868128546431536e-06, 5.852219566240642e-06, 5.835186907658688e-06, 5.81685168755837e-06, 5.797072847531946e-06, 5.775727017086471e-06, 5.752683043850672e-06, 5.727787746163473e-06, 5.700906916961599e-06, 5.671905075199098e-06, 5.640645873058667e-06, 5.606987335884811e-06, 5.570787591574322e-06, 5.531897203184156e-06, 5.490172771199053e-06, 5.445461398838513e-06, 5.397596921885019e-06, 5.346420793832992e-06, 5.291763279941666e-06, 5.2334546310216445e-06, 5.1713242047393675e-06, 5.105193306086021e-06, 5.034889838860007e-06, 4.9602439673481165e-06, 4.8811030905327724e-06, 4.797319164375337e-06, 4.708767832056351e-06, 4.615345882442531e-06, 4.516998187860134e-06, 4.413710597985578e-06, 4.305526336812341e-06, 4.192568315369751e-06, 4.07506210674985e-06, 3.953333156462932e-06, 3.8278664020402825e-06, 3.6993168577237815e-06, 3.5685640711354412e-06, 3.436731163905169e-06, 3.3052793052614686e-06, 3.1760524594547364e-06, 3.042847352486839e-06, 2.9109002162853932e-06, 2.788867049738347e-06, 2.6810809120114077e-06, 2.592919811198692e-06, 2.5309780884784602e-06, 2.5008246572786266e-06, 2.4776734188296306e-06, 2.4528044646717612e-06, 2.4260933907445804e-06, 2.397407286361183e-06, 2.3665839813017616e-06, 2.3334530134159676e-06, 2.2978435129223144e-06, 2.2595722783631137e-06, 2.2184429466557407e-06, 2.174234538481219e-06, 2.12671313299931e-06, 2.0756333928341475e-06, 2.0303801578530083e-06, 1.9917516353396316e-06, 1.950244581588083e-06, 1.9056513181515455e-06, 1.8577513200634526e-06, 1.8063110027159614e-06, 1.7510837413588034e-06, 1.6918103555781045e-06, 1.628219928480493e-06, 1.5600309930799645e-06, 1.5102623019838757e-06, 1.4585245909525355e-06, 1.402972508498488e-06, 1.3432419550646563e-06, 1.2790186303786885e-06, 1.2134858188204074e-06, 1.1497635569707812e-06, 1.0812482413546642e-06, 1.0075793328625954e-06, 9.295623071560468e-07, 8.476567304529409e-07, 7.595903125561778e-07, 6.698522513755949e-07, 5.849195060089346e-07, 4.935983106527271e-07, 4.2022961400557954e-07, 3.4803196160338487e-07, 2.921754060110396e-07, 2.433302083216109e-07, 2.0641782899305582e-07, 1.7141025290376826e-07, 1.3904406901919466e-07, 1.0756675787732575e-07, 7.876785426164355e-08, 5.602369968413808e-08, 4.249837292755186e-08, 3.429571961924756e-08, 2.7767590746884532e-08, 2.2543787342402585e-08, 1.756849801037396e-08, 1.2919104168764216e-08, 9.315838443608436e-09, 6.540972707161909e-09, 3.962048919871438e-09, 1.6981662872370376e-09, 2.434751374722656e-10, 0.0, 0.0, 0.0, 0.0, 0.0, 0.0, 0.0, 0.0, 0.0, 0.0, 0.0, 0.0, 0.0, 0.0, 0.0, 0.0, 0.0, 0.0]}