{"dec_rate": 96139367697644.81, "ener": [1000.0, 1075.2168531898922, 1156.0912813835741, 1243.0488295695168, 1336.5470508911144, 1437.077914199376, 1545.170392694147, 1661.3932472747906, 1786.3580192457368, 1920.7222481239298, 2065.192931479627, 2220.530245015533, 2387.551542458584, 2567.1356563109925, 2760.227522090274, 2967.8431503900374, 3191.074972923552, 3431.097590679882, 3689.1739544382435, 3966.662010161199, 4265.021844233416, 4585.823366142804, 4930.75456902875, 5301.6304115627745, 5700.4023678963595, 6129.168695925734, 6590.185477903263, 7085.878491488878, 7618.855973704613, 8191.922344953685, 8808.092965317064, 9470.61000077224, 10182.95948281905, 10948.88965127687, 11772.43067676929, 12657.91586667203, 13610.004466105507, 14633.70617394634, 15734.407502856082, 16917.900122028346, 18190.41133178821, 19558.636830395073, 21029.77594546132, 22611.569515367453, 24312.34061999789, 26141.03837511492, 28107.285020807278, 30221.426551783796, 32494.587155918423, 34938.7277474913, 37566.70890311596, 40392.358531509046, 43430.544633167054, 46697.25353279704, 50209.67399614471, 53986.28767382507, 58046.966348054455, 62413.07649397468, 67107.59170575147, 72155.21357901022, 77582.50168566794, 83418.01332506338, 89692.45378672714, 96438.83791544459, 103692.6638287344, 111492.09970080915, 119878.18459583772, 128895.04440725365, 138590.12403933867, 149014.43705277456, 160222.83408774753, 172274.29147699408, 185232.22156741185, 199164.80638308544, 214145.35638539525, 230252.69621793268, 247571.57946593425, 266193.1346126132, 286215.34453892725, 307743.5620898062, 330891.0644196496, 355779.64903394954, 382540.27466328745, 411313.75034185697, 442251.4763163044, 475516.2406834019, 511283.0759482948, 549740.1800103742, 591089.9064227993, 635549.8291362302, 683353.887329231, 734753.6163492159, 790019.4712408972, 849442.2498263799, 913334.6228248625, 982032.7790631257, 1055898.1944335788, 1135319.5339077613, 1220714.6966133183, 1312533.0147352258, 1411257.617811452, 1517407.974863493, 1631542.6277379717, 1754262.1300415897, 1886212.2071335155, 2028087.1538024596, 2180633.4875063254, 2344653.8763970514, 2521011.362799125, 2710633.904364837, 2914519.256800991, 3133740.2238589046, 3369450.3022121596, 3622889.750924289, 3895392.1174427266, 4188391.2544574793, 4503428.864545836, 4842162.612301513, 5206374.84663258, 5597981.979123291, 6019044.567806669, 6471778.159406801, 6958564.947100453, 7481966.305138838, 8044736.2662841845, 8649836.012976684, 9300449.458481394, 10000000.0], "beta_spec": [362066380.9251703, 361890089.26927304, 361695934.3800654, 361484300.02260566, 361239032.0731813, 360942477.297051, 360615747.370317, 360258276.30609006, 359864335.2844026, 359429861.5799759, 358946662.75448394, 358422853.46670043, 357846880.13384384, 357224475.5322101, 356549880.55403084, 355820509.7075716, 355035023.49726164, 354190657.6145704, 353285258.5711372, 352316395.08144045, 351281694.8333933, 350178765.9652301, 349005680.6846975, 347759843.66633683, 346439547.2528673, 345042792.72505146, 343567870.0093692, 342014528.70738685, 340381922.9513268, 338671446.7467828, 336884838.54942685, 335025125.2329886, 333096392.4403111, 331105882.39986885, 329062389.0952685, 326978188.1726518, 324846641.48279816, 322655296.79793745, 320414612.4852146, 318140641.34168, 315832342.1645013, 313481248.37957907, 311109041.7422406, 308718045.22322494, 306320653.2430806, 301937752.70087695, 296152392.75734663, 290197723.82623535, 284109352.69379026, 277935510.3408425, 271737607.2520192, 265568922.26278794, 259187225.88280815, 252516276.58781755, 245568783.82468823, 238365255.54140666, 230749029.56984743, 222585321.57850948, 213837618.32613033, 204466333.06954235, 194431973.7935228, 183692206.8630906, 172203885.3667068, 159924021.44875807, 150886322.40797296, 145466985.8593322, 139692226.5993282, 133538420.28823213, 126935391.72037278, 119845396.87156327, 112236509.294132, 104075785.97929952, 95329314.76232813, 85963961.54659486, 80660012.5215355, 76186598.90640168, 71446773.34818313, 66359335.829128414, 60882288.03419734, 55821880.090212665, 51972207.87672182, 47816260.49333661, 43325741.83101493, 39268687.72218794, 36198058.707519434, 32855423.815249674, 29693469.220252737, 27365194.930456612, 24842438.15999589, 22543072.71376696, 20313845.136702776, 18487110.33531314, 16894698.60770461, 15400240.547856815, 13878956.738536421, 12399485.573112639, 10951535.016520722, 9545686.751398986, 8222286.895489506, 6996967.111676287, 5859464.8272627285, 4800322.351840183, 3843162.720862195, 2979285.172341425, 2206001.243981077, 1596017.3159756532, 1132050.3007764786, 791514.6355760376, 578666.9079434237, 479773.87921813736, 422657.32792325906, 356617.8387352515, 281543.924574059, 202085.81301937436, 126029.53249223616, 64326.34454195293, 25066.015071897153, 7796.476588024125, 2407.740399940025, 803.422500458875, 147.49017610051325, 0.8854718344333162, 0.0087868419103543, 0.0, 0.0, 0.0, 0.0, 0.0]}