{"temp": [1000.0, 10000.0, 100000.0, 1000000.0], "Zelem": [1, 2, 3, 4, 5, 6, 7, 8, 9, 10, 11, 12, 13, 14, 15, 16, 17, 18, 19, 20, 21, 22, 23, 24, 25, 26, 27, 28, 29, 30, 31, 32, 33, 34, 35, 36, 37, 38, 39, 40, 41, 42, 43, 44, 45, 46, 47, 48, 49, 50, 51, 52, 53, 54, 55, 56, 57, 58, 59, 60, 61, 62, 63, 64, 65, 66, 67, 68, 69, 70, 71, 72, 73, 74, 75, 76, 77, 78, 79, 80, 81, 82, 83, 84, 85, 86, 87, 88, 89, 90, 91, 92, 93, 94, 95, 96, 97, 98], "rate_rec": [[1.1494058642994091e-12, 2.613393165914846e-12, 1.9707082452972152e-14, 2.829359683164203e-14, 2.9540899927973463e-13, 2.1723582275228123e-13, 2.4963297928425653e-12, 9.862488779580238e-13, 6.413105829277136e-13, 3.553082184649572e-13, 1.051337624304539e-15, 1.5317762287665313e-15, 1.5411286283713613e-13, 1.5665704846913123e-13, 3.896273577805067e-12, 1.650187150924952e-12, 1.7790170858396952e-12, 8.623845843033483e-13, 2.417926869815494e-16, 3.4816988803941393e-16, 9.761230454618532e-16, 5.718304950766764e-15, 3.923631842013729e-14, 1.543832077715598e-15, 1.1060151432230954e-14, 1.7379614751207824e-14, 3.36637897694687e-14, 7.068241231393625e-14, 2.545062686129765e-14, 1.9232032724037214e-14, 1.8055813713521163e-13, 1.685525795156293e-13, 2.9760283046292295e-12, 1.913864376643832e-12, 1.897829263449774e-12, 8.453660677098455e-13, 1.9993219317006543e-15, 3.526051095283059e-15, 3.58819590735272e-14, 8.633455705508975e-15, 8.485628572177668e-15, 3.4034906636270762e-15, 3.6789554963156095e-15, 7.170974023707144e-15, 6.3422469340080546e-15, 9.629707908517048e-14, 3.21928578643236e-14, 2.3427323309953052e-14, 1.7639545116952725e-13, 1.4819521062546772e-13, 2.8906483350601652e-12, 1.4765267391934048e-12, 2.1968664764960657e-12, 6.84283798029296e-13, 2.6300532455465453e-15, 4.502090516441455e-15, 1.1051848306532099e-14, 1.0801250548774611e-14, 1.2913124397777392e-14, 1.4976877784172374e-14, 1.7797711474023677e-14, 8.420131760770285e-15, 1.654591625007564e-14, 2.410938054248437e-14, 1.9852112724875088e-14, 2.1129375385001087e-14, 2.3054441915532096e-14, 2.635762173090435e-14, 2.3604411776962358e-14, 1.5635578275150176e-14, 1.825345184069546e-13, 7.610228151733193e-14, 8.43058292561483e-14, 3.807143703613286e-14, 8.094129128223528e-14, 1.0466598967606851e-13, 5.652775270496335e-13, 7.361622652723545e-14, 1.3797772987087019e-13, 9.863652740931904e-14, 1.3470065084388232e-13, 1.272097847125899e-13, 2.2070956989345087e-12, 1.2242736919890822e-12, 1.4409627227002094e-12, 8.279125543264645e-13, 1.5417702196409174e-14, 2.0083407071220174e-14, 2.3354856909764035e-13, 1.1213386841422952e-13, 9.60308612205792e-14, 1.0215363610056075e-13, 9.679884928430507e-14, 3.6331513487082804e-14, 6.270690194498147e-14, 7.27918021936216e-14, 1.131301364391854e-13, 8.073284563751247e-14], [1.7403104739662256e-13, 1.8650002968424879e-13, 8.220422288739932e-15, 8.070749189761961e-15, 6.829101056785375e-14, 4.4282118812021204e-14, 4.3700432060261434e-13, 1.2682788007385758e-13, 1.1292949998222173e-13, 4.8752011793097636e-14, 1.7824589632044687e-16, 2.335283480529898e-16, 3.96092306696088e-14, 4.0562222482341166e-14, 8.017855067934908e-13, 4.561627605762019e-13, 4.83104474025373e-13, 2.3129472031739247e-13, 8.57056198587988e-17, 5.248994598410176e-17, 1.518907007409808e-16, 9.490786020940797e-16, 7.139141400143178e-15, 2.5380382312757e-16, 2.154838719030992e-15, 3.502455656900594e-15, 6.726783923018391e-15, 1.4978834413988878e-14, 5.496868289711002e-15, 4.1787238676131265e-15, 4.631608295757006e-14, 4.1870957814378814e-14, 7.680779486633753e-13, 4.109264943852716e-13, 4.3826354440686145e-13, 2.116057542619002e-13, 3.237810336221025e-16, 6.920829786447377e-16, 7.204111295691483e-15, 1.7108562768619019e-15, 1.7370569785051496e-15, 6.948384223585554e-16, 7.677799733977576e-16, 1.4692281692523618e-15, 1.3554933542881807e-15, 1.1165319645923244e-14, 7.067670219766389e-15, 4.961259164098824e-15, 4.0766346077552784e-14, 3.582165366246372e-14, 6.463870229212138e-13, 3.836583167693135e-13, 4.0182858577333414e-13, 1.501395391880082e-13, 5.069438219574066e-16, 9.668967266836794e-16, 2.305588770632724e-15, 2.25737311186644e-15, 2.8085637634547837e-15, 3.1957465836615734e-15, 3.82751804680295e-15, 1.8706431288708957e-15, 3.6819643128972096e-15, 5.281103026655821e-15, 4.519968169253746e-15, 4.991289843159082e-15, 5.4586073490677954e-15, 6.006138205676999e-15, 5.500244443987554e-15, 3.671428315249367e-15, 4.302194986093291e-14, 1.7748682046627786e-14, 2.030977635669399e-14, 8.74021262169576e-15, 1.8685886881234683e-14, 2.365782466497444e-14, 1.33834568800327e-13, 1.5550745578690556e-14, 2.978331641052462e-14, 1.94558998744294e-14, 3.4420444535428146e-14, 3.0277917918710655e-14, 5.60425979314812e-13, 3.1922808858473716e-13, 3.3278554776849894e-13, 1.551872141218282e-13, 3.862047551195565e-15, 5.03564756084721e-15, 5.710689637789545e-14, 2.638754757949641e-14, 2.425696697094866e-14, 2.5963684283375075e-14, 2.3811140264494028e-14, 8.357487259503535e-15, 1.5960350333385536e-14, 1.6933802967655665e-14, 2.7175366541918862e-14, 1.805191906577905e-14], [4.2126486940728716e-14, 5.5916116812142426e-14, 6.868951570121178e-15, 6.24119357064555e-15, 2.507022172418811e-14, 1.9250712937903442e-14, 2.5388408914609917e-13, 9.980194042807652e-14, 8.485478866046744e-14, 3.344982858268513e-14, 1.0201587182735622e-15, 8.158445557292176e-16, 5.938617250186013e-15, 6.153458282235043e-15, 1.2200491242100205e-13, 9.54175656400499e-14, 1.0480544910262957e-13, 5.1697029305348816e-14, 5.804085155828612e-16, 2.544109828816829e-16, 8.856670241532947e-16, 1.3085805408392407e-15, 4.0813278975009415e-15, 4.184356761110089e-16, 6.751395229973077e-16, 9.116781937165122e-16, 1.220995181714251e-15, 2.011562183112886e-15, 8.170217492142857e-16, 5.982046823472673e-16, 1.0228350344775467e-14, 9.246761154640559e-15, 1.6614968135874762e-13, 1.0214095388914634e-13, 1.0609352457137626e-13, 4.981783419637865e-14, 2.0436607520080294e-16, 2.2302931055849456e-16, 2.2042600606732333e-15, 7.362830260476284e-16, 4.584323272729024e-16, 2.6194287073817245e-16, 2.0195908053959955e-16, 2.8386400597992194e-16, 2.7833934127395403e-16, 2.3096223470133577e-14, 8.510655845814015e-16, 6.119913877125877e-16, 8.937951779465513e-15, 7.570045748043443e-15, 1.30944323284058e-13, 7.754253319879474e-14, 7.817529619802238e-14, 2.803299320622448e-14, 1.404764401795098e-16, 1.8972235381892058e-16, 4.039935882635012e-16, 4.3132272234936196e-16, 4.627536493584435e-16, 4.942001828624461e-16, 5.609806870414301e-16, 2.57334354576535e-16, 4.920932032390434e-16, 6.737519384706209e-16, 5.924362624641811e-16, 6.475207244810087e-16, 7.04752161514448e-16, 7.709496719482366e-16, 7.341946377569749e-16, 4.81710682486726e-16, 5.649684192929987e-15, 2.343773837034067e-15, 2.7955522783362863e-15, 1.230473082899691e-15, 2.6413764067176087e-15, 3.3762181254441194e-15, 1.6376656340147223e-13, 2.343109965492749e-15, 4.566174241288959e-15, 3.0184157208739934e-15, 8.50394337662967e-15, 7.200414059856197e-15, 1.3072062270031618e-13, 7.178260822134585e-14, 7.303572257516169e-14, 3.2803375522614393e-14, 7.290818699553125e-16, 8.671889551503958e-16, 9.731780841319505e-15, 4.3293939820290425e-15, 4.1549587863687985e-15, 4.48448653905236e-15, 4.14590275597148e-15, 1.5634339297320732e-15, 3.0184427208040107e-15, 3.062447112526164e-15, 4.987547125621067e-15, 3.72220267388821e-15], [5.485990723381068e-15, 1.3520212346350974e-14, 2.8017967341984673e-15, 3.698304410038734e-15, 4.903565178941744e-15, 5.217564489836293e-15, 1.033366503780226e-13, 6.126683649079653e-14, 6.500279843831007e-14, 3.038319380507258e-14, 1.779104875721628e-15, 1.852351489093626e-15, 3.1963780443490387e-15, 2.7583491447635075e-15, 4.76526615668869e-14, 2.6731066991623326e-14, 2.666011565419332e-14, 1.1997556867576413e-14, 1.2288435841895651e-15, 5.986687729804065e-16, 2.1510211500088792e-15, 3.578172721881266e-15, 1.1945260056849673e-14, 1.3093617658367167e-15, 2.1061146367685037e-15, 2.8918152010037164e-15, 3.5967570722045336e-15, 4.866651181685053e-15, 2.349683126430286e-15, 